-- phpMyAdmin SQL Dump
-- version 4.9.1
-- https://www.phpmyadmin.net/
--
-- Host: 127.0.0.1
-- Generation Time: Apr 27, 2020 at 05:46 PM
-- Server version: 10.4.8-MariaDB
-- PHP Version: 7.3.11

SET SQL_MODE = "NO_AUTO_VALUE_ON_ZERO";
SET AUTOCOMMIT = 0;
START TRANSACTION;
SET time_zone = "+00:00";


/*!40101 SET @OLD_CHARACTER_SET_CLIENT=@@CHARACTER_SET_CLIENT */;
/*!40101 SET @OLD_CHARACTER_SET_RESULTS=@@CHARACTER_SET_RESULTS */;
/*!40101 SET @OLD_COLLATION_CONNECTION=@@COLLATION_CONNECTION */;
/*!40101 SET NAMES utf8mb4 */;

--
-- Database: `sari`
--

-- --------------------------------------------------------

--
-- Table structure for table `block`
--

CREATE TABLE `block` (
  `b_id` int(11) NOT NULL,
  `district_id` int(5) NOT NULL,
  `b_name` varchar(200) NOT NULL,
  `b_population` int(11) NOT NULL
) ENGINE=InnoDB DEFAULT CHARSET=utf8mb4;

--
-- Dumping data for table `block`
--

INSERT INTO `block` (`b_id`, `district_id`, `b_name`, `b_population`) VALUES
(1, 1, 'Akkalkot', 250890),
(2, 1, 'Barshi', 253989),
(3, 1, 'Karmala', 227680),
(4, 1, 'Madha', 301564),
(5, 1, 'Mohol', 277903),
(6, 1, 'Malshiras', 485565),
(7, 1, 'Mangalwedha', 193553),
(8, 1, 'North Solapur', 105794),
(9, 1, 'Pandharpur', 343445),
(10, 1, 'Sangola', 288602),
(11, 1, 'South Solapur', 242100);

-- --------------------------------------------------------

--
-- Table structure for table `blockurban`
--

CREATE TABLE `blockurban` (
  `bu_id` int(11) NOT NULL,
  `district_id` int(5) NOT NULL,
  `bu_name` varchar(200) NOT NULL
) ENGINE=InnoDB DEFAULT CHARSET=utf8mb4;

--
-- Dumping data for table `blockurban`
--

INSERT INTO `blockurban` (`bu_id`, `district_id`, `bu_name`) VALUES
(1, 1, 'Akkalkot'),
(2, 1, 'Barshi'),
(3, 1, 'Karmala'),
(4, 1, 'Mangalwedha'),
(5, 1, 'Sangola'),
(6, 1, 'Madha'),
(7, 1, 'Pandharpur'),
(8, 1, 'Malshiras'),
(9, 1, 'Mohol');

-- --------------------------------------------------------

--
-- Table structure for table `district`
--

CREATE TABLE `district` (
  `district_id` int(5) NOT NULL,
  `district_name` varchar(50) NOT NULL,
  `dist_population` double NOT NULL
) ENGINE=InnoDB DEFAULT CHARSET=utf8mb4;

--
-- Dumping data for table `district`
--

INSERT INTO `district` (`district_id`, `district_name`, `dist_population`) VALUES
(1, 'Solapur', 0);

-- --------------------------------------------------------

--
-- Table structure for table `mnpa`
--

CREATE TABLE `mnpa` (
  `mu_id` int(11) NOT NULL,
  `bu_id` int(11) NOT NULL,
  `mu_name` varchar(200) NOT NULL
) ENGINE=InnoDB DEFAULT CHARSET=utf8mb4;

--
-- Dumping data for table `mnpa`
--

INSERT INTO `mnpa` (`mu_id`, `bu_id`, `mu_name`) VALUES
(1, 1, 'Akkalkot'),
(2, 1, 'Maindargi'),
(3, 1, 'Dudhani'),
(4, 2, 'Barshi'),
(5, 3, 'Karmala'),
(6, 4, 'Mangalwedha'),
(7, 5, 'Sangola'),
(8, 6, 'Madha'),
(9, 6, 'Kurduwadi'),
(10, 7, 'Pandharpur'),
(11, 8, 'Malshiras'),
(12, 9, 'Mohol');

-- --------------------------------------------------------

--
-- Table structure for table `nearbypat`
--

CREATE TABLE `nearbypat` (
  `near_id` double NOT NULL,
  `pat_id` double NOT NULL,
  `nearpat_name` varchar(200) NOT NULL,
  `nearpat_age` int(3) NOT NULL,
  `nearpat_gender` int(2) NOT NULL
) ENGINE=InnoDB DEFAULT CHARSET=utf8mb4;

--
-- Dumping data for table `nearbypat`
--

INSERT INTO `nearbypat` (`near_id`, `pat_id`, `nearpat_name`, `nearpat_age`, `nearpat_gender`) VALUES
(1, 1, 'Vidya Sandbhor', 50, 0),
(2, 2, 'Vidya Sandbhor', 50, 0),
(3, 3, 'asd', 323, 1);

-- --------------------------------------------------------

--
-- Table structure for table `patient`
--

CREATE TABLE `patient` (
  `pat_id` int(11) NOT NULL,
  `district_id` int(2) NOT NULL,
  `area_id` int(2) NOT NULL,
  `ublock_id` int(11) NOT NULL,
  `mnp_id` int(11) NOT NULL,
  `rb_id` int(11) NOT NULL,
  `phc_id` int(11) NOT NULL,
  `sub_id` int(11) NOT NULL,
  `v_id` int(11) NOT NULL,
  `pat_name` varchar(200) NOT NULL,
  `pat_gender` int(2) NOT NULL,
  `pat_agey` int(3) NOT NULL,
  `pat_agem` int(3) NOT NULL,
  `pat_phone` double NOT NULL,
  `fever` int(2) NOT NULL,
  `cough` int(2) NOT NULL,
  `breath` int(2) NOT NULL,
  `sym_other` text NOT NULL,
  `sym_days` int(3) NOT NULL,
  `hop_date` int(11) NOT NULL,
  `hypertension` int(2) NOT NULL,
  `diabetes` int(2) NOT NULL,
  `cardiac` int(2) NOT NULL,
  `respiratory` int(2) NOT NULL,
  `cancer` int(2) NOT NULL,
  `pregnant` int(2) NOT NULL,
  `immuno` int(2) NOT NULL,
  `comorbid_other` text NOT NULL,
  `travelhis` int(2) NOT NULL COMMENT 'if yes-1,no-0',
  `travelper` int(2) NOT NULL COMMENT 'if yes-1,no-0',
  `no_travelper` int(3) NOT NULL,
  `housenearby` int(2) NOT NULL COMMENT 'if yes-1,no-0',
  `house_cases` int(11) NOT NULL,
  `pat_contact1` double NOT NULL,
  `pat_contact2` double NOT NULL,
  `lat` double NOT NULL,
  `lon` double NOT NULL,
  `timestamp` double NOT NULL
) ENGINE=InnoDB DEFAULT CHARSET=utf8mb4;

--
-- Dumping data for table `patient`
--

INSERT INTO `patient` (`pat_id`, `district_id`, `area_id`, `ublock_id`, `mnp_id`, `rb_id`, `phc_id`, `sub_id`, `v_id`, `pat_name`, `pat_gender`, `pat_agey`, `pat_agem`, `pat_phone`, `fever`, `cough`, `breath`, `sym_other`, `sym_days`, `hop_date`, `hypertension`, `diabetes`, `cardiac`, `respiratory`, `cancer`, `pregnant`, `immuno`, `comorbid_other`, `travelhis`, `travelper`, `no_travelper`, `housenearby`, `house_cases`, `pat_contact1`, `pat_contact2`, `lat`, `lon`, `timestamp`) VALUES
(1, 1, 0, 0, 0, 4, 23, 129, 432, 'Ritesh Sanjay Sandbhor', 1, 20, 8, 9167703475, 1, 1, 0, 'Head Pain', 10, 1587958200, 1, 1, 1, 0, 1, 1, 1, 'PITA', 1, 1, 1, 1, 1, 8888741000, 8888641000, 0, 0, 1587993315),
(2, 1, 0, 0, 0, 4, 23, 129, 432, 'Ritesh Sanjay Sandbhor', 1, 20, 8, 9167703475, 1, 1, 0, 'Head Pain', 10, 1587958200, 1, 1, 1, 0, 1, 1, 1, 'PITA', 1, 1, 1, 1, 1, 8888741000, 8888641000, 0, 0, 1587993474),
(3, 1, 1, 2, 4, 0, 0, 0, 0, 'Vidya Sandbhor', 1, 32, 10, 8888641000, 1, 1, 0, 'dsfdf', 5, 1588131000, 1, 1, 0, 0, 0, 0, 0, 'dsfs', 1, 1, 2, 1, 12, 231221, 123123, 0, 0, 1587993650),
(4, 1, 1, 1, 2, 0, 0, 0, 0, 'Ritesh Sandbhor', 1, 23, 2, 2323232, 1, 1, 0, 'asdasd', 5, 1588131000, 1, 1, 1, 0, 0, 0, 0, 'asdasd', 0, 0, 0, 0, 0, 8888741000, 42343, 73.14557479999999, 19.2588701, 1588001684);

-- --------------------------------------------------------

--
-- Table structure for table `phc`
--

CREATE TABLE `phc` (
  `phc_id` double NOT NULL,
  `b_id` int(11) NOT NULL,
  `phc_name` varchar(200) NOT NULL
) ENGINE=InnoDB DEFAULT CHARSET=utf8mb4;

--
-- Dumping data for table `phc`
--

INSERT INTO `phc` (`phc_id`, `b_id`, `phc_name`) VALUES
(1, 1, 'Chapalgaon'),
(2, 1, 'Dudhani'),
(3, 1, 'Jeur'),
(4, 1, 'Karajagi'),
(5, 1, 'Maindargi'),
(6, 1, 'Nagansur'),
(7, 1, 'Shirwal'),
(8, 1, 'Wagdari'),
(9, 2, 'Agalgaon'),
(10, 2, 'Chikharde'),
(11, 2, 'Gaudgaon'),
(12, 2, 'Pangaon'),
(13, 2, 'Tadwale'),
(14, 2, 'Upale (Dumala)'),
(15, 2, 'Vairag'),
(16, 3, 'Jeur'),
(17, 3, 'Kem'),
(18, 3, 'Korti'),
(19, 3, 'Sade'),
(20, 3, 'Warkute'),
(21, 4, 'Alegaon BK'),
(22, 4, 'Manegaon'),
(23, 4, 'Modnimb'),
(24, 4, 'Parite'),
(25, 4, 'Pimpalner'),
(26, 4, 'Ropale Kavhe'),
(27, 4, 'Tembhurni'),
(28, 4, 'Upalai Bk.'),
(29, 5, 'Angar'),
(30, 5, 'Ankoli'),
(31, 5, 'Begumpur'),
(32, 5, 'Kamti BK'),
(33, 5, 'Kurul'),
(34, 5, 'Narkhed'),
(35, 5, 'Patkul'),
(36, 5, 'Shirapur (Solapur)'),
(37, 6, 'Borgaon'),
(38, 6, 'Fondshiras'),
(39, 6, 'Lawang'),
(40, 6, 'Mahalung'),
(41, 6, 'Malinagar'),
(42, 6, 'Mandaki'),
(43, 6, 'Mandave'),
(44, 6, 'Morochi'),
(45, 6, 'Piliv'),
(46, 6, 'Purnadawade'),
(47, 6, 'Shankarnagar'),
(48, 6, 'Velapur'),
(49, 7, 'Andhalgaon'),
(50, 7, 'Bhose'),
(51, 7, 'Borale'),
(52, 7, 'Maravade'),
(53, 7, 'Salagar Bk.'),
(54, 8, 'Kalman'),
(55, 8, 'Kondi'),
(56, 8, 'Mardi'),
(57, 8, 'Tirhe'),
(58, 9, 'Bhalawani'),
(59, 9, 'Gadegaon'),
(60, 9, 'Karkamb'),
(61, 9, 'Kasegaon'),
(62, 9, 'Khardi'),
(63, 9, 'Puluj'),
(64, 9, 'Ropale'),
(65, 9, 'Tungat'),
(66, 10, 'Akola'),
(67, 10, 'Gheradi'),
(68, 10, 'Javala *'),
(69, 10, 'Kola'),
(70, 10, 'Mahud Bk.'),
(71, 10, 'Nazare'),
(72, 11, 'Aurad'),
(73, 11, 'Bhandar Kavade'),
(74, 11, 'Boramani'),
(75, 11, 'Hotgi'),
(76, 11, 'Kandalgaon'),
(77, 11, 'Valsang');

-- --------------------------------------------------------

--
-- Table structure for table `subcenter`
--

CREATE TABLE `subcenter` (
  `sub_id` double NOT NULL,
  `phc_id` int(7) NOT NULL,
  `sub_name` varchar(200) NOT NULL
) ENGINE=InnoDB DEFAULT CHARSET=utf8mb4;

--
-- Dumping data for table `subcenter`
--

INSERT INTO `subcenter` (`sub_id`, `phc_id`, `sub_name`) VALUES
(1, 1, 'Chapalgaon'),
(2, 1, 'Chungi'),
(3, 1, 'Hannur'),
(4, 1, 'Pitapur'),
(5, 2, 'Boroti Bk'),
(6, 2, 'Dudhani (Rural)'),
(7, 2, 'Mugali'),
(8, 3, 'Galoragi'),
(9, 3, 'Gaudgaon  Bk.'),
(10, 3, 'Kadabgaon'),
(11, 3, 'Karjal'),
(12, 3, 'Udagi'),
(13, 4, 'Alage'),
(14, 4, 'Karajagi'),
(15, 4, 'Korsegaon'),
(16, 4, 'Kudal'),
(17, 4, 'Kumthe'),
(18, 4, 'Mangrul'),
(19, 4, 'Mundhewadi'),
(20, 4, 'Sulerjawalaga'),
(21, 4, 'Tadwal'),
(22, 5, 'Hattikanbas'),
(23, 5, 'Sangogi Aland'),
(24, 5, 'Sangogi (b)'),
(25, 5, 'Umarge'),
(26, 6, 'Haidre'),
(27, 6, 'Kalhipparage'),
(28, 6, 'Nagansur'),
(29, 6, 'Tolnur'),
(30, 7, 'Badole Bk'),
(31, 7, 'Kini'),
(32, 7, 'Salgar'),
(33, 7, 'Sangavi Bk'),
(34, 7, 'Shirasi'),
(35, 7, 'Shirwal'),
(36, 8, 'Bhurikavathe'),
(37, 8, 'Borgaon'),
(38, 8, 'Gogaon'),
(39, 8, 'Kajikanbas'),
(40, 9, 'Agalgaon'),
(41, 9, 'Chare'),
(42, 9, 'Chumb'),
(43, 9, 'Khandavi'),
(44, 9, 'Kandalgaon'),
(45, 9, 'Kategaon'),
(46, 9, 'Tadsoudne'),
(47, 10, 'Chikharde'),
(48, 10, 'Dhanore'),
(49, 10, 'Jamgaon (Agalgaon)'),
(50, 10, 'Kari'),
(51, 10, 'Khamgaon'),
(52, 10, 'Kuslamb'),
(53, 10, 'Nari (Bhandewadi)'),
(54, 10, 'Shirale'),
(55, 10, 'Ukadgaon'),
(56, 11, 'Bhalgaon'),
(57, 11, 'Gaudgaon'),
(58, 11, 'Jawalgaon'),
(59, 11, 'Kasari'),
(60, 11, 'Malegaon'),
(61, 11, 'Rui'),
(62, 12, 'Kavhe'),
(63, 12, 'Pangaon'),
(64, 12, 'Sakat'),
(65, 12, 'Shendri'),
(66, 12, 'Shripat Pimpri'),
(67, 12, 'Upalai (Thonge)'),
(68, 13, 'Dahitane'),
(69, 13, 'Malwandi'),
(70, 13, 'Surdi'),
(71, 13, 'Tadwale'),
(72, 14, 'Bavi'),
(73, 14, 'Bhatambare'),
(74, 14, 'Jamgaon (P)'),
(75, 14, 'Malegaon'),
(76, 14, 'Tambewadi'),
(77, 14, 'Upale (Dumala)'),
(78, 15, 'Dhamgaon (Dumala)'),
(79, 15, 'Kalegaon'),
(80, 15, 'Ratanjan'),
(81, 15, 'Shelgaon (R)'),
(82, 15, 'Vairag'),
(83, 16, 'Chikhalthan'),
(84, 16, 'Kedgaon'),
(85, 16, 'Kondhej'),
(86, 16, 'Kumbhej'),
(87, 16, 'Shetphal'),
(88, 16, 'Wangi - 1 (N.V.)'),
(89, 16, 'Zare'),
(90, 17, 'Ghoti'),
(91, 17, 'Kandar'),
(92, 17, 'Nimbhore'),
(93, 17, 'Pangare'),
(94, 18, 'Jinnti'),
(95, 18, 'Ketur'),
(96, 18, 'Korti'),
(97, 18, 'Kumbhargaon'),
(98, 18, 'Parewadi'),
(99, 18, 'Takali (Rashin)'),
(100, 18, 'Veet'),
(101, 18, 'Vihal'),
(102, 18, 'Washibe'),
(103, 19, 'Deolali'),
(104, 19, 'Jategaon'),
(105, 19, 'Karanje'),
(106, 19, 'Pothare'),
(107, 19, 'Ravgaon'),
(108, 19, 'Sade'),
(109, 20, 'Bitargaon (Shrigonde)'),
(110, 20, 'Gaundare'),
(111, 20, 'Hivare'),
(112, 20, 'Pande'),
(113, 20, 'Potegaon'),
(114, 20, 'Salse'),
(115, 21, 'Aadegaon'),
(116, 21, 'Alegaon (Kh)'),
(117, 21, 'Chandaj'),
(118, 21, 'Ranzani'),
(119, 21, 'Takali (T)'),
(120, 22, 'Anjangaon'),
(121, 22, 'Darphal'),
(122, 22, 'Dhanore'),
(123, 22, 'Khairav'),
(124, 22, 'Manegaon'),
(125, 22, 'Nimgaon (Ma)'),
(126, 22, 'Undargaon'),
(127, 22, 'Wakav'),
(128, 23, 'Aran'),
(129, 23, 'Bavi'),
(130, 23, 'Bhend'),
(131, 23, 'Lawul'),
(132, 23, 'Modnimb'),
(133, 23, 'Tulashi'),
(134, 24, 'Bembale'),
(135, 24, 'Parite'),
(136, 24, 'Warwade'),
(137, 24, 'Wenewgaon'),
(138, 25, 'Dhawalas'),
(139, 25, 'Kurdu'),
(140, 25, 'Nimgaon T'),
(141, 25, 'Pimpalkhunte'),
(142, 25, 'Pimpalner'),
(143, 25, 'Upalwate'),
(144, 26, 'Barloni'),
(145, 26, 'Beetergaon'),
(146, 26, 'Bhosre'),
(147, 26, 'Kave'),
(148, 26, 'Mahisgaon'),
(149, 26, 'Ridhore'),
(150, 26, 'Ropale (K)'),
(151, 27, 'Dahiwali'),
(152, 27, 'Akole (Kh)'),
(153, 27, 'Shavre'),
(154, 28, 'Chinholi'),
(155, 28, 'Kumbhej'),
(156, 28, 'Londhewadi'),
(157, 28, 'Upalai Bk'),
(158, 28, 'Upalai k'),
(159, 28, 'Wadshinge'),
(160, 29, 'Angar'),
(161, 29, 'Ashti'),
(162, 29, 'Deodi'),
(163, 29, 'Khandobachiwadi'),
(164, 29, 'Shetphal'),
(165, 29, 'Wafale'),
(166, 29, 'Yawali'),
(167, 30, 'Ankoli'),
(168, 30, 'Aundhi'),
(169, 30, 'Tambole'),
(170, 31, 'Begumpur'),
(171, 31, 'Ichgaon'),
(172, 31, 'Sohale'),
(173, 31, 'Yenaki'),
(174, 32, 'Kamti Kh'),
(175, 32, 'Korwali'),
(176, 33, 'Gotewadi'),
(177, 33, 'Kurul'),
(178, 33, 'Sayyadwarwade'),
(179, 34, 'Degaon'),
(180, 34, 'Khuneshwar'),
(181, 34, 'Malikpeth'),
(182, 34, 'Maslechaudhari'),
(183, 34, 'Narkhed'),
(184, 34, 'Waluj'),
(185, 35, 'Khandali'),
(186, 35, 'Konheri'),
(187, 35, 'Patkul'),
(188, 35, 'Penur`'),
(189, 35, 'Pokharapur'),
(190, 35, 'Takali (Shikandar)'),
(191, 36, 'Bhambewadi'),
(192, 36, 'Lamboti'),
(193, 36, 'Mohol'),
(194, 36, 'Sawaleshwar'),
(195, 36, 'Wadwal'),
(196, 37, 'Borgaon'),
(197, 37, 'Jambud'),
(198, 37, 'Malkhambi'),
(199, 37, 'Neware'),
(200, 38, 'Bangarde'),
(201, 38, 'Fondshiras'),
(202, 38, 'Fondshiras'),
(203, 38, 'Kalamboli'),
(204, 38, 'Markadwadi'),
(205, 38, 'Palasmandal'),
(206, 38, 'Umbare Dahigaon'),
(207, 39, 'Lawang'),
(208, 39, 'Sangam'),
(209, 39, 'Tambave'),
(210, 39, 'Wagholi'),
(211, 40, 'Khandali'),
(212, 40, 'Mahalung'),
(213, 40, 'Mire'),
(214, 41, 'Akluj'),
(215, 41, 'Akluj'),
(216, 41, 'Akluj'),
(217, 41, 'Anandnagar'),
(218, 41, 'Bagechiwadi'),
(219, 41, 'Chakore'),
(220, 41, 'Kondabavi'),
(221, 41, 'Malewadi'),
(222, 41, 'Malinagar'),
(223, 41, 'Pratapnagar'),
(224, 41, 'Sangramnagar'),
(225, 42, 'Garwad'),
(226, 42, 'Islampur'),
(227, 42, 'Kanher'),
(228, 42, 'Mandaki'),
(229, 42, 'Motewadi'),
(230, 42, 'Rede'),
(231, 42, 'Tarangfal'),
(232, 43, 'Giravi'),
(233, 43, 'Karunde'),
(234, 43, 'Londhe Mohitewadi'),
(235, 43, 'Mandave'),
(236, 43, 'Natepute-1'),
(237, 43, 'Natepute-2'),
(238, 44, 'Dahigaon'),
(239, 44, 'Dharmpuri'),
(240, 44, 'Dombalwadi'),
(241, 44, 'Ekshiv'),
(242, 44, 'Gursale'),
(243, 44, 'Morochi'),
(244, 44, 'Shindewadi'),
(245, 45, 'Bacheri'),
(246, 45, 'Falwani'),
(247, 45, 'Kolegaon'),
(248, 45, 'Piliv'),
(249, 45, 'Tandulwadi'),
(250, 45, 'Zanjevasti'),
(251, 46, 'Bhamburdi'),
(252, 46, 'Malshiras-1'),
(253, 46, 'Malshiras-2'),
(254, 46, 'Medad'),
(255, 46, 'Purandawade'),
(256, 46, 'Sadashivnagar'),
(257, 47, 'Chaundeshwarwadi'),
(258, 47, 'Girzani'),
(259, 47, 'Khudus'),
(260, 47, 'Paniv'),
(261, 47, 'Shankarnagar-1'),
(262, 47, 'Shankarnagar-2'),
(263, 47, 'Vizori'),
(264, 48, 'Bondale'),
(265, 48, 'Dhanore'),
(266, 48, 'Maloli'),
(267, 48, 'Nimgaon'),
(268, 48, 'Pisewadi'),
(269, 48, 'Ughadewadi'),
(270, 48, 'Velapur-1'),
(271, 48, 'Velapur-2'),
(272, 49, 'Andhalgaon'),
(273, 49, 'Dongargaon'),
(274, 49, 'Gharniki'),
(275, 49, 'Khupsangi'),
(276, 49, 'Laxami Dahiwadi'),
(277, 49, 'Patkhal'),
(278, 50, 'Bhose'),
(279, 50, 'Gonewadi'),
(280, 50, 'Hunnar'),
(281, 50, 'Nandeshwar'),
(282, 50, 'Radde'),
(283, 51, 'Arali'),
(284, 51, 'Borale'),
(285, 51, 'Bramhapuri'),
(286, 51, 'Mudhavi'),
(287, 51, 'Siddapur'),
(288, 51, 'Tamdardi'),
(289, 51, 'Uchethan'),
(290, 52, 'Bhalwani'),
(291, 52, 'Donaj'),
(292, 52, 'Kagasht'),
(293, 52, 'Maravade'),
(294, 52, 'Nimboni'),
(295, 53, 'Bavachi'),
(296, 53, 'Huljanti'),
(297, 53, 'Lavangi'),
(298, 54, 'Darfal (Bibi)'),
(299, 54, 'Darphal (Gawadi)'),
(300, 54, 'Kalman'),
(301, 54, 'Nannaj'),
(302, 54, 'Ranmasle'),
(303, 55, 'Akolekati'),
(304, 55, 'Gulwanchi'),
(305, 55, 'Kondi'),
(306, 55, 'Pakani'),
(307, 56, 'Banegaon'),
(308, 56, 'Honsal'),
(309, 56, 'Mardi'),
(310, 57, 'Belati'),
(311, 57, 'Dongaon'),
(312, 57, 'Hiraj'),
(313, 57, 'Tirhe'),
(314, 58, 'Bhandi Shegaon'),
(315, 58, 'Gardi'),
(316, 58, 'Palshi'),
(317, 58, 'Wadi Kuroli'),
(318, 59, 'Gadegaon'),
(319, 59, 'Khed Bhalawani'),
(320, 59, 'Korty'),
(321, 59, 'Tisangi'),
(322, 59, 'Wakhari'),
(323, 60, 'Bardi'),
(324, 60, 'Karkamb'),
(325, 60, 'Karole'),
(326, 60, 'Nandore'),
(327, 60, 'Patvardhan Kuroli'),
(328, 60, 'Sangavi'),
(329, 60, 'Umbare'),
(330, 61, 'Chale'),
(331, 61, 'Gopalpur'),
(332, 61, 'Kasegaon'),
(333, 61, 'Mundhewadi'),
(334, 61, 'Siddhewadi'),
(335, 61, 'Tavashi'),
(336, 62, 'Khardi'),
(337, 62, 'Takli'),
(338, 62, 'Shetphal'),
(339, 63, 'Ozewadi'),
(340, 63, 'Fulchincholi'),
(341, 63, 'Puluj'),
(342, 63, 'Ranzani'),
(343, 63, 'Sarkoli'),
(344, 64, 'Ajote'),
(345, 64, 'Babhulgaon'),
(346, 64, 'Bhose'),
(347, 64, 'Gurasale'),
(348, 64, 'Mendhapur'),
(349, 64, 'Shevate'),
(350, 65, 'Ajansond'),
(351, 65, 'Bhatumbare'),
(352, 65, 'Narayan Chincholi'),
(353, 65, 'Suste'),
(354, 65, 'Tarapur'),
(355, 65, 'Tungat'),
(356, 66, 'Akola'),
(357, 66, 'Bamani'),
(358, 66, 'Ekhatapur'),
(359, 66, 'Kamalapur'),
(360, 66, 'Manegaon'),
(361, 66, 'Manjari'),
(362, 66, 'Shirbavi'),
(363, 66, 'Wadegaon'),
(364, 67, 'Alegaon'),
(365, 67, 'Diksal'),
(366, 67, 'Gheradi'),
(367, 67, 'Hangirage'),
(368, 67, 'Waki Gherdi'),
(369, 68, 'Dongargaon'),
(370, 68, 'Kadlas'),
(371, 68, 'Medashingi'),
(372, 68, 'Sonand'),
(373, 69, 'Buddhehal'),
(374, 69, 'Goudwadi'),
(375, 69, 'Hatid'),
(376, 69, 'Jujarpur'),
(377, 69, 'Junoni'),
(378, 69, 'Kidabisari'),
(379, 69, 'Pachegaon Bk.'),
(380, 70, 'Achakadani'),
(381, 70, 'Chikmahud'),
(382, 70, 'Katfal'),
(383, 70, 'Lotewadi'),
(384, 70, 'Mahim'),
(385, 70, 'Mahud Bk.'),
(386, 70, 'Shivane'),
(387, 70, 'Waki Shivane'),
(388, 71, 'Ajanale'),
(389, 71, 'Balvadi'),
(390, 71, 'Chinake'),
(391, 71, 'Rajuri'),
(392, 71, 'Udanwadi'),
(393, 71, 'Watambare'),
(394, 71, 'Yelmar Mangewadi'),
(395, 72, 'Aurad'),
(396, 72, 'Barur'),
(397, 72, 'Hatur'),
(398, 72, 'Takali'),
(399, 72, 'Vadakbal'),
(400, 73, 'Bhandar Kavade'),
(401, 73, 'Kusur'),
(402, 73, 'Nimbargi'),
(403, 73, 'Vinchur'),
(404, 74, 'Boramani'),
(405, 74, 'Darganhalli'),
(406, 74, 'Kasegaon'),
(407, 74, 'Mulegaon  Tanda'),
(408, 74, 'Musti'),
(409, 74, 'Tandulwadi'),
(410, 74, 'Ulegaon'),
(411, 75, 'Aherwadi'),
(412, 75, 'Hotgi'),
(413, 75, 'Hotgi Station'),
(414, 75, 'Ingalgi'),
(415, 75, 'Kanbas'),
(416, 75, 'Madre'),
(417, 76, 'Antroli'),
(418, 76, 'Kandalgaon'),
(419, 76, 'Malkavathe'),
(420, 76, 'Mandrup-2'),
(421, 77, 'Achegaon'),
(422, 77, 'Dhotri'),
(423, 77, 'Dindur'),
(424, 77, 'Kumbhari-1'),
(425, 77, 'Kumbhari-2'),
(426, 77, 'LimbiChinoholi'),
(427, 77, 'Valsang');

-- --------------------------------------------------------

--
-- Table structure for table `travehfamily`
--

CREATE TABLE `travehfamily` (
  `tf_id` double NOT NULL,
  `pat_id` double NOT NULL,
  `travf_place` varchar(100) NOT NULL,
  `travf_date` int(11) NOT NULL
) ENGINE=InnoDB DEFAULT CHARSET=utf8mb4;

--
-- Dumping data for table `travehfamily`
--

INSERT INTO `travehfamily` (`tf_id`, `pat_id`, `travf_place`, `travf_date`) VALUES
(1, 2, 'Mumbai', 1587871800),
(2, 3, 'Pune', 1588131000),
(3, 3, 'cvbb', 1588044600);

-- --------------------------------------------------------

--
-- Table structure for table `travelhistory`
--

CREATE TABLE `travelhistory` (
  `tv_id` double NOT NULL,
  `p_id` double NOT NULL,
  `trav_place` varchar(200) NOT NULL,
  `trav_date` int(11) NOT NULL
) ENGINE=InnoDB DEFAULT CHARSET=utf8mb4;

--
-- Dumping data for table `travelhistory`
--

INSERT INTO `travelhistory` (`tv_id`, `p_id`, `trav_place`, `trav_date`) VALUES
(1, 1, 'Mumbai', 1587871800),
(2, 1, 'Pune', 1587785400),
(3, 1, 'Nashik', 1587699000),
(4, 2, 'Mumbai', 1587871800),
(5, 2, 'Pune', 1587785400),
(6, 2, 'Nashik', 1587699000),
(7, 3, 'dfsf', 1587439800);

-- --------------------------------------------------------

--
-- Table structure for table `village`
--

CREATE TABLE `village` (
  `v_id` int(10) NOT NULL,
  `phc_id` int(5) NOT NULL,
  `v_name` varchar(200) NOT NULL
) ENGINE=InnoDB DEFAULT CHARSET=utf8mb4;

--
-- Dumping data for table `village`
--

INSERT INTO `village` (`v_id`, `phc_id`, `v_name`) VALUES
(1, 1, 'Chapalgaon'),
(2, 1, 'Chapalgaonwadi'),
(3, 1, 'Dahitane'),
(4, 1, 'Dahitanewadi'),
(5, 1, 'Hasapur'),
(6, 2, 'Bavkarwadi'),
(7, 2, 'Chungi'),
(8, 2, 'Kurnur'),
(9, 3, 'Barhanpur'),
(10, 3, 'Dombar-Jawalge'),
(11, 3, 'Hannur'),
(12, 3, 'Sultanpur'),
(13, 4, 'Akatnal'),
(14, 4, 'Arali'),
(15, 4, 'Boregaon'),
(16, 4, 'Darshanal'),
(17, 4, 'Nanhegaon'),
(18, 4, 'Pitapur'),
(19, 5, 'Andewadi (Jahangir )'),
(20, 5, 'Boblad'),
(21, 5, 'Boroti Bk'),
(22, 5, 'Boroti Kh.'),
(23, 5, 'Sevanagar'),
(24, 5, 'Vijaynagar'),
(25, 6, 'Chincholi (M)'),
(26, 6, 'Dudhani (Rural)'),
(27, 6, 'Mahalaxminagar'),
(28, 6, 'Sinnur'),
(29, 6, 'Solase Lamantanda'),
(30, 7, 'Mugali'),
(31, 7, 'Parmanandnagar'),
(32, 7, 'Mhetre (Lamamtanda )'),
(33, 7, 'Ruddewadi'),
(34, 8, 'Akkalkot (Rural)'),
(35, 8, 'Galoragi'),
(36, 8, 'Jakapur'),
(37, 8, 'Samarthnagar (N.V.)'),
(38, 9, 'Gaudgaon Bk.'),
(39, 9, 'Jainapur'),
(40, 9, 'Jeur'),
(41, 9, 'Jeurwadi'),
(42, 10, 'Dodyal'),
(43, 10, 'Kadabgaon'),
(44, 10, 'Vasantrao Naik Nagar (N.V.)'),
(45, 11, 'Bagehalli'),
(46, 11, 'Halchincholi'),
(47, 11, 'Hanjagi'),
(48, 11, 'Karjal'),
(49, 11, 'Konhali'),
(50, 12, 'Basalegaon'),
(51, 12, 'Sevalalnagar'),
(52, 12, 'Udagi'),
(53, 13, 'Alage'),
(54, 13, 'Guddewadi'),
(55, 13, 'Shegaon'),
(56, 14, 'Handral'),
(57, 14, 'Karajagi'),
(58, 14, 'Basavgir'),
(59, 15, 'Dharsang'),
(60, 15, 'Kalkarjal'),
(61, 15, 'Korsegaon'),
(62, 16, 'Andewadi Bk'),
(63, 16, 'Andewadi Kh'),
(64, 16, 'Devikavathe'),
(65, 16, 'Ghungaregaon'),
(66, 16, 'Kudal'),
(67, 17, 'Chincholi (Najik)'),
(68, 17, 'Kegaon Bk'),
(69, 17, 'Kumthe'),
(70, 18, 'Mangrul'),
(71, 19, 'Ankalage'),
(72, 19, 'Khanapur'),
(73, 19, 'Mundhewadi'),
(74, 20, 'Kegaon Kh.'),
(75, 20, 'Sulerjawalaga'),
(76, 21, 'Mhaisalage'),
(77, 21, 'Tadwal'),
(78, 22, 'Chikkkahalli'),
(79, 22, 'Hattikanbas'),
(80, 22, 'Mamdabad'),
(81, 22, 'Nimgaon'),
(82, 23, 'Bhosgi'),
(83, 23, 'Ibrahimpur'),
(84, 23, 'Maindargi (Rural)'),
(85, 23, 'Nagore'),
(86, 23, 'Sangogi Aland'),
(87, 23, 'Torani'),
(88, 24, 'Binjger'),
(89, 24, 'Halhalli (M)'),
(90, 24, 'Sangogi (b)'),
(91, 24, 'Satan Dudhani'),
(92, 24, 'Halhalli (A)'),
(93, 24, 'Talewad'),
(94, 25, 'Goudgaon Kh.'),
(95, 25, 'Itage'),
(96, 25, 'Kanthehalli'),
(97, 25, 'Matanhalli'),
(98, 25, 'Mirajgi'),
(99, 25, 'Naganhalli'),
(100, 25, 'Rampur'),
(101, 25, 'Umarge'),
(102, 26, 'Guravwadi'),
(103, 26, 'Haidre'),
(104, 27, 'Hilli'),
(105, 27, 'Kalhipparage'),
(106, 27, 'Navindgi'),
(107, 27, 'Shawal'),
(108, 28, 'Marathwadi'),
(109, 28, 'Nagansur'),
(110, 29, 'Kalappawadi'),
(111, 29, 'Tolnur'),
(112, 30, 'Badole Bk'),
(113, 30, 'Badole Kh'),
(114, 31, 'Kini'),
(115, 32, 'Salgar'),
(116, 33, 'Kalegaon'),
(117, 33, 'Kolekarwadi'),
(118, 33, 'Kolibet'),
(119, 33, 'Sangavi Bk'),
(120, 33, 'Ramtirth'),
(121, 33, 'Sangavi Kh'),
(122, 34, 'Banjgol'),
(123, 34, 'Hingani'),
(124, 34, 'Motyal'),
(125, 34, 'Safale'),
(126, 34, 'Shirasi'),
(127, 34, 'Sindkhed'),
(128, 35, 'Sadalapur'),
(129, 35, 'Shirwal'),
(130, 35, 'Shirwalwadi'),
(131, 36, 'Bhurikavathe'),
(132, 36, 'Kirnalli'),
(133, 36, 'Wagdari'),
(134, 37, 'Borgaon'),
(135, 37, 'Gholasgaon'),
(136, 37, 'Palapur'),
(137, 38, 'Gogaon'),
(138, 38, 'Khairat'),
(139, 39, 'Kajikanbas'),
(140, 39, 'Kiniwadi'),
(141, 40, 'Agalgaon'),
(142, 40, 'Belgaon'),
(143, 40, 'Mandegaon'),
(144, 40, 'Umbarge'),
(145, 41, 'Babhulgaon'),
(146, 41, 'Chare'),
(147, 41, 'Walwad'),
(148, 42, 'Bhansale'),
(149, 42, 'Chumb'),
(150, 42, 'Khadkoni'),
(151, 42, 'Koregaon'),
(152, 43, 'Alipur'),
(153, 43, 'Godasewadi'),
(154, 43, 'Khandavi'),
(155, 44, 'Devgaon'),
(156, 44, 'Gadegaon'),
(157, 44, 'Kandalgaon'),
(158, 44, 'Pimpalgaon (Dhas)'),
(159, 45, 'Borgaon [Kh]'),
(160, 45, 'Dhamangaon (A)'),
(161, 45, 'Kalambawadi (A)'),
(162, 45, 'Kategaon'),
(163, 46, 'Bhoyare'),
(164, 46, 'Gatachiwadi'),
(165, 46, 'Khadkalgaon'),
(166, 46, 'Shelgaon (Vhale)'),
(167, 46, 'Tadsoudne'),
(168, 47, 'Chikharde'),
(169, 47, 'Phaphalwadi'),
(170, 47, 'Yelamb'),
(171, 48, 'Dhanore'),
(172, 48, 'Pathari'),
(173, 48, 'Pimpalwadi'),
(174, 48, 'Puri'),
(175, 49, 'Jamgaon (Agalgaon)'),
(176, 49, 'Lakshyachiwadi'),
(177, 49, 'Nagobachiwadi'),
(178, 49, 'Wanewadi'),
(179, 50, 'Kari'),
(180, 51, 'Khamgaon'),
(181, 51, 'Pimpalgaon (Pangri)'),
(182, 51, 'Arangaon'),
(183, 51, 'Tawadi'),
(184, 52, 'Dhotre'),
(185, 52, 'Ghari'),
(186, 52, 'Kuslamb'),
(187, 53, 'Gormale'),
(188, 53, 'Nari (Bhandewadi)'),
(189, 53, 'Nariwadi'),
(190, 54, 'Jahanpur'),
(191, 54, 'Mamdapur'),
(192, 54, 'Pandhari'),
(193, 54, 'Shirale'),
(194, 54, 'Wagachiwadi'),
(195, 55, 'Chincholi'),
(196, 55, 'Dhebarewadi'),
(197, 55, 'Gholvewadi'),
(198, 55, 'Pangri'),
(199, 55, 'Ukadgaon'),
(200, 56, 'Bhalgaon'),
(201, 56, 'Mirzanpur'),
(202, 56, 'Raulgaon'),
(203, 57, 'Gaudgaon'),
(204, 57, 'Sangamner'),
(205, 58, 'Ambabaiwadi'),
(206, 58, 'Chinchkhopan'),
(207, 58, 'Hattij'),
(208, 58, 'Jotibachiwadi'),
(209, 59, 'Aljapur'),
(210, 59, 'Bhandegaon'),
(211, 59, 'Kasari'),
(212, 59, 'Sarole'),
(213, 60, 'Malegaon'),
(214, 60, 'Mungashi (R)'),
(215, 60, 'Nimbalak'),
(216, 61, 'Rui'),
(217, 61, 'Ambegaon'),
(218, 61, 'Zaregaon'),
(219, 62, 'Balewadi'),
(220, 62, 'Kasarwadi'),
(221, 62, 'Kavhe'),
(222, 62, 'Korfale'),
(223, 63, 'Dadshinge'),
(224, 63, 'Kalambwadi (P)'),
(225, 63, 'Pangaon'),
(226, 63, 'Saundare'),
(227, 64, 'Rastapur'),
(228, 64, 'Sakat'),
(229, 64, 'Undegaon'),
(230, 65, 'Shendri'),
(231, 65, 'Wangarwadi'),
(232, 66, 'Bhoinje'),
(233, 66, 'Shripat Pimpri'),
(234, 67, 'Upalai (Thonge)'),
(235, 68, 'Dahitane'),
(236, 68, 'Mungashi (Va)'),
(237, 69, 'Gulpoli'),
(238, 69, 'Malwandi'),
(239, 69, 'Turk-Pimpri'),
(240, 70, 'Irle'),
(241, 70, 'Irlewadi'),
(242, 70, 'Surdi'),
(243, 71, 'Dhorale'),
(244, 71, 'Yawali'),
(245, 71, 'Tadwale'),
(246, 72, 'Bavi'),
(247, 72, 'Mahagaon'),
(248, 72, 'Shelgaon (Markad)'),
(249, 72, 'Tandulwadi'),
(250, 73, 'Bhatambare'),
(251, 73, 'Indapur'),
(252, 74, 'Jamgaon (P)'),
(253, 74, 'Kapasi'),
(254, 74, 'Pimpri (Ratanjan)'),
(255, 74, 'Sawargaon'),
(256, 75, 'Hingani (Pangaon)'),
(257, 75, 'Malegaon'),
(258, 75, 'Pimpalgaon (Pangaon)'),
(259, 76, 'Borgaon (Zadi)'),
(260, 76, 'Tambewadi'),
(261, 76, 'Zadi'),
(262, 77, 'Halduge'),
(263, 77, 'Nandani'),
(264, 77, 'Upale (Dumala)'),
(265, 78, 'Dhamgaon (Dumala)'),
(266, 78, 'Sasure'),
(267, 79, 'Ghanegaon'),
(268, 79, 'Kalegaon'),
(269, 79, 'Manegaon'),
(270, 79, 'Pimpari (Pangaon)'),
(271, 80, 'Hingani (Ratanjan)'),
(272, 80, 'Ladole'),
(273, 80, 'Ratanjan'),
(274, 80, 'Sarjapur'),
(275, 81, 'Raleras'),
(276, 81, 'Shelgaon (R)'),
(277, 82, 'Vairag'),
(278, 83, 'Chikhalthan'),
(279, 83, 'Kugaon'),
(280, 84, 'Kedgaon'),
(281, 84, 'Pophalaj'),
(282, 85, 'Jehurwadi'),
(283, 85, 'Jeur'),
(284, 85, 'Kondhej'),
(285, 85, 'Shelgaon (K)'),
(286, 86, 'Kumbhej'),
(287, 86, 'Lavhe'),
(288, 87, 'Dahigaon'),
(289, 87, 'Shetphal'),
(290, 87, 'Wangi - 2 (N.V.)'),
(291, 88, 'Bhivarwadi (N.V.)'),
(292, 88, 'Wangi - 1 (N.V.)'),
(293, 88, 'Wangi - 3 (N.V.)'),
(294, 88, 'Wangi - 4 (N.V.)'),
(295, 89, 'Umrad'),
(296, 89, 'Zare'),
(297, 90, 'Ghoti'),
(298, 90, 'Kem'),
(299, 90, 'Malwadi'),
(300, 90, 'Pathurdi'),
(301, 91, 'Bitargaon (Shrigonde)'),
(302, 91, 'Kandar'),
(303, 91, 'Satoli'),
(304, 91, 'Vadshivane'),
(305, 92, 'Gulsadi'),
(306, 92, 'Nimbhore'),
(307, 92, 'Sarapdoh'),
(308, 92, 'Warkatne'),
(309, 93, 'Bhalavni'),
(310, 93, 'Dhokari'),
(311, 93, 'Kavitgaon'),
(312, 93, 'Pangare'),
(313, 93, 'Sangvi'),
(314, 94, 'Bhagatwadi'),
(315, 94, 'Bhilarwadi'),
(316, 94, 'Gulmarwadi'),
(317, 94, 'Jinnti'),
(318, 94, 'Kawalwadi'),
(319, 94, 'Ramwadi'),
(320, 95, 'Hingani'),
(321, 95, 'Ketur'),
(322, 95, 'Pomalwadi'),
(323, 96, 'Gorewadi'),
(324, 96, 'Hulgewadi'),
(325, 96, 'Korti'),
(326, 96, 'Kuskarwadi'),
(327, 97, 'Delwadi'),
(328, 97, 'Divegavan'),
(329, 97, 'Gharatwadi'),
(330, 97, 'Kumbhargaon'),
(331, 97, 'Savadi'),
(332, 98, 'Parewadi'),
(333, 98, 'Rajuri'),
(334, 99, 'Katraj'),
(335, 99, 'Khatgaon'),
(336, 99, 'Kondhar Chincholi'),
(337, 99, 'Takali (Rashin)'),
(338, 100, 'Anjandoh'),
(339, 100, 'Veet'),
(340, 101, 'Morwad'),
(341, 101, 'Pondhvadi'),
(342, 101, 'Vihal'),
(343, 102, 'Goyegaon'),
(344, 102, 'Manjargaon'),
(345, 102, 'Sogaon'),
(346, 102, 'Ritewadi'),
(347, 102, 'Undargaon'),
(348, 102, 'Washibe'),
(349, 103, 'Deolali'),
(350, 103, 'Hiwarwadi'),
(351, 103, 'Karmala (Rural)'),
(352, 103, 'Khadakewadi'),
(353, 103, 'Roshewadi'),
(354, 103, 'Wadgaon Kh.'),
(355, 104, 'Jategaon'),
(356, 104, 'Khadaki'),
(357, 104, 'Punwar'),
(358, 104, 'Wadgaon (N)'),
(359, 105, 'Arjunnagar'),
(360, 105, 'Balewadi'),
(361, 105, 'Karanje'),
(362, 105, 'Mashewadi'),
(363, 105, 'Shelgaon (K)'),
(364, 106, 'Devichamal'),
(365, 106, 'Mangi'),
(366, 106, 'Pothare'),
(367, 107, 'Bhose'),
(368, 107, 'Limbewadi'),
(369, 107, 'Pimpalwadi'),
(370, 107, 'Ravgaon'),
(371, 107, 'Vanjarwadi'),
(372, 108, 'Alsunde'),
(373, 108, 'Sade'),
(374, 108, 'Sounde'),
(375, 109, 'Aljapur'),
(376, 109, 'Bitargaon (Shrigonde)'),
(377, 109, 'Borgaon'),
(378, 109, 'Kamone'),
(379, 109, 'Nilaj'),
(380, 110, 'Gaundare'),
(381, 110, 'Kolgaon'),
(382, 110, 'Nimgaon (H)'),
(383, 111, 'Hisare'),
(384, 111, 'Hivare'),
(385, 111, 'Phisare'),
(386, 112, 'Dhaykhindi'),
(387, 112, 'Khambewadi'),
(388, 112, 'Mirghavan'),
(389, 112, 'Pande'),
(390, 113, 'Balewadi'),
(391, 113, 'Dilmeshwar'),
(392, 113, 'Ghargaon'),
(393, 113, 'Padali'),
(394, 113, 'Potegaon'),
(395, 113, 'Taratgaon'),
(396, 113, 'Wadachiwadi'),
(397, 114, 'Awati'),
(398, 114, 'Nerle'),
(399, 114, 'Salse'),
(400, 114, 'Warkute'),
(401, 115, 'Shiral Tembhurni'),
(402, 115, 'Adhegaon'),
(403, 116, 'Alegaon Bk'),
(404, 116, 'Rui'),
(405, 116, 'Alegaon Kh'),
(406, 117, 'Chandaj'),
(407, 117, 'Wadoli'),
(408, 117, 'Nagorli'),
(409, 118, 'Ujani Tembhurni'),
(410, 118, 'Ranzani'),
(411, 119, 'Gar Akole'),
(412, 119, 'Takali Tembhurni'),
(413, 120, 'Anjangaon Umate'),
(414, 120, 'Jamgaon'),
(415, 120, 'Wadachiwadi'),
(416, 121, 'Darfal'),
(417, 122, 'Hatkarwadi'),
(418, 122, 'Kapsewadi'),
(419, 122, 'Dhanore'),
(420, 122, 'Budrukwadi'),
(421, 123, 'Khairao'),
(422, 124, 'Manegaon'),
(423, 124, 'Chavanwadi'),
(424, 125, 'Nimgaon (Madha)'),
(425, 125, 'Mahatpur'),
(426, 125, 'Sultanpur'),
(427, 126, 'Undargaon'),
(428, 126, 'Kewad'),
(429, 127, 'Wakav'),
(430, 128, 'Aran'),
(431, 128, 'Solankarwadi'),
(432, 129, 'Bavi'),
(433, 129, 'Bhutashte'),
(434, 130, 'Bhend'),
(435, 130, 'Padasali'),
(436, 131, 'Laul'),
(437, 132, 'Modnimb'),
(438, 132, 'Bairagwadi'),
(439, 132, 'Jadhavwadi'),
(440, 133, 'Tulshi'),
(441, 134, 'Mitkalwadi'),
(442, 134, 'Bembale *'),
(443, 135, 'Ghoti'),
(444, 135, 'Parite'),
(445, 135, 'Paritewadi'),
(446, 136, 'Bhuinje'),
(447, 136, 'Akumbhe'),
(448, 136, 'Ahergaon'),
(449, 136, 'Warawade'),
(450, 136, 'Hole Kh.'),
(451, 137, 'Venegaon'),
(452, 137, 'Akole Bk'),
(453, 137, 'Chavhanwadi'),
(454, 138, 'Bhogewadi'),
(455, 138, 'Dhavalas'),
(456, 138, 'Jakhale'),
(457, 138, 'Chobhepimpari'),
(458, 139, 'Kurdu'),
(459, 140, 'Nimgaon [Tembhurni]'),
(460, 140, 'Tambave'),
(461, 140, 'Sapatne Tembhurni'),
(462, 141, 'Shedshinge'),
(463, 141, 'Ambad'),
(464, 141, 'Pimpalkhunte'),
(465, 141, 'Shiral Madha'),
(466, 142, 'Pimpalner'),
(467, 142, 'Palwan'),
(468, 142, 'Ujani Madha'),
(469, 143, 'Upalawate'),
(470, 143, 'Badalewadi'),
(471, 144, 'Barloni'),
(472, 144, 'Lahu'),
(473, 144, 'Akulgaon'),
(474, 145, 'Nadi'),
(475, 145, 'Shingewadi'),
(476, 145, 'Bitergaon'),
(477, 146, 'Ghatane'),
(478, 146, 'Bhosare'),
(479, 147, 'Mahadeowadi'),
(480, 147, 'Gavalewadi'),
(481, 147, 'Kavhe'),
(482, 148, 'Chinchgaon'),
(483, 148, 'Mhaisgaon'),
(484, 149, 'Papnas'),
(485, 149, 'Ridhore'),
(486, 149, 'Tandulwadi'),
(487, 150, 'Loni *'),
(488, 150, 'Mungashi'),
(489, 150, 'Ropale Kavhe'),
(490, 151, 'Dahiwali'),
(491, 151, 'Kanhergaon'),
(492, 152, 'Surli'),
(493, 152, 'Footjawalgaon'),
(494, 152, 'Akole Kh'),
(495, 152, 'Tembhurni'),
(496, 153, 'Shevare'),
(497, 153, 'Malegaon'),
(498, 154, 'Shindewadi'),
(499, 154, 'Sapatne (Bhose)'),
(500, 154, 'Chincholi'),
(501, 154, 'Jadhavwadi'),
(502, 155, 'Anjangaon Kh.'),
(503, 155, 'Kumbhej'),
(504, 156, 'Khairewadi'),
(505, 156, 'Londhewadi'),
(506, 157, 'Ropale Kh.'),
(507, 157, 'Wadachiwadi'),
(508, 157, 'Upalai Bk.'),
(509, 158, 'Randivewadi'),
(510, 158, 'Madha'),
(511, 158, 'Upalai Kh.'),
(512, 158, 'Vithalwadi'),
(513, 159, 'Tadavale'),
(514, 159, 'Wadachiwadi'),
(515, 159, 'Wetalwadi'),
(516, 159, 'Wadshinge'),
(517, 160, 'Kombadwadi'),
(518, 160, 'Angar'),
(519, 160, 'Galandawadi'),
(520, 160, 'Paslewadi'),
(521, 160, 'Bitle'),
(522, 161, 'Kuranwadi (Ashti) *'),
(523, 161, 'Ashti'),
(524, 162, 'Deodi'),
(525, 162, 'Telangwadi'),
(526, 163, 'Khandobachiwadi'),
(527, 163, 'Nalbandwadi'),
(528, 163, 'Kuranwadi (Anagar)'),
(529, 164, 'Shetphal'),
(530, 164, 'Bairagwadi'),
(531, 165, 'Siddewadi'),
(532, 165, 'Wafale'),
(533, 165, 'Wadachiwadi'),
(534, 166, 'Hivare'),
(535, 166, 'Chikhali'),
(536, 166, 'Yawali'),
(537, 167, 'Shejbabhulgaon'),
(538, 167, 'Ankoli'),
(539, 167, 'Kothale'),
(540, 168, 'Warkute'),
(541, 168, 'Aundhi'),
(542, 169, 'Tambole'),
(543, 169, 'Saundane'),
(544, 170, 'Ardhanari'),
(545, 170, 'Begumpur *'),
(546, 171, 'Waddegaon'),
(547, 171, 'Ichgaon'),
(548, 172, 'Sohale'),
(549, 172, 'Wagholi'),
(550, 172, 'Wagholiwadi'),
(551, 173, 'Yenaki'),
(552, 173, 'Arbali'),
(553, 173, 'Miri'),
(554, 173, 'Watwate'),
(555, 174, 'Parmeshwar-pimpri'),
(556, 174, 'Dadapur'),
(557, 174, 'Wirawade Bk'),
(558, 174, 'Shirapur (Mo)'),
(559, 174, 'Peertakali'),
(560, 174, 'Shingoli'),
(561, 174, 'Taratgaon'),
(562, 174, 'Kamti Kh'),
(563, 174, 'Lamantanda'),
(564, 174, 'Kamti Bk'),
(565, 175, 'Korwali'),
(566, 175, 'Haralwadi'),
(567, 175, 'Jamgaon Bk'),
(568, 175, 'Jamgaon Kh'),
(569, 176, 'Ramhingani'),
(570, 176, 'Gotewadi'),
(571, 176, 'Mundhewadi'),
(572, 176, 'Nandgaon'),
(573, 177, 'Katewadi'),
(574, 177, 'Kurul'),
(575, 178, 'Dhokbabulgaon'),
(576, 178, 'Najikpimpari'),
(577, 178, 'Sayyadwarwade'),
(578, 179, 'Bople'),
(579, 179, 'Yellamwadi'),
(580, 179, 'Degaon'),
(581, 180, 'Bhoire'),
(582, 180, 'Chavanwadi'),
(583, 180, 'Khuneshwar'),
(584, 181, 'Malikpeth'),
(585, 181, 'Dhaingade Wadi'),
(586, 181, 'Ghatne'),
(587, 182, 'Diksal'),
(588, 182, 'Maslechaudhari'),
(589, 183, 'Ekurke'),
(590, 183, 'Narkhed'),
(591, 184, 'Bhairowadi'),
(592, 184, 'Mangaoli'),
(593, 184, 'Waluj'),
(594, 185, 'Khandali'),
(595, 185, 'Papari'),
(596, 186, 'Konheri'),
(597, 186, 'Sarole'),
(598, 187, 'Patkul'),
(599, 187, 'Adhegaon'),
(600, 188, 'Yeoti'),
(601, 188, 'Penur'),
(602, 189, 'Khavani'),
(603, 189, 'Pokharapur'),
(604, 190, 'Takali (Shikandar)'),
(605, 191, 'Hingani(Nipani)'),
(606, 191, 'Morvanchi'),
(607, 191, 'Shirapur (Solapur)'),
(608, 191, 'Bhambewadi'),
(609, 192, 'Lamboti'),
(610, 192, 'ArjunSond'),
(611, 192, 'Pophali'),
(612, 193, 'Mohol'),
(613, 194, 'Chincholikati'),
(614, 194, 'Sawaleshwar'),
(615, 194, 'Wirwade Kh'),
(616, 195, 'Wadwal'),
(617, 195, 'Kolegaon'),
(618, 195, 'Ashte'),
(619, 196, 'Borgaon'),
(620, 196, 'Malewadi'),
(621, 197, 'Jambud'),
(622, 198, 'Malkhambi'),
(623, 198, 'Vithalwadi'),
(624, 199, 'Umbare (Velapur)'),
(625, 199, 'Kondarpatta'),
(626, 199, 'Neware'),
(627, 200, 'Bangarde'),
(628, 201, 'Fondshiras'),
(629, 202, 'Tamsidwadi'),
(630, 202, 'Khulewadi'),
(631, 202, 'Shendewadi'),
(632, 203, 'Kalamboli'),
(633, 203, 'Pirale'),
(634, 204, 'Kadamwadi'),
(635, 204, 'Markadwadi'),
(636, 205, 'Palasmandal'),
(637, 206, 'Umbare Dahigaon'),
(638, 207, 'Lawang'),
(639, 208, 'Babhulgaon'),
(640, 208, 'Ganeshgaon'),
(641, 208, 'Sangam'),
(642, 209, 'Bijvadi'),
(643, 209, 'Savatgavhan'),
(644, 209, 'Tambave'),
(645, 210, 'Wafegaon'),
(646, 210, 'Wagholi'),
(647, 211, 'Dattanagar'),
(648, 211, 'Khandali'),
(649, 212, 'Mahalung'),
(650, 213, 'Mire'),
(651, 214, 'Akluj'),
(652, 215, 'Akluj 1'),
(653, 216, 'Akluj 2'),
(654, 217, 'Anandnagar'),
(655, 218, 'Bagechiwadi'),
(656, 219, 'Chakore'),
(657, 220, 'Kondabavi'),
(658, 220, 'Vatpali'),
(659, 221, 'Malewadi'),
(660, 222, 'Malinagar'),
(661, 223, 'Pratapnagar'),
(662, 224, 'Sangramnagar'),
(663, 225, 'Garwad'),
(664, 225, 'Magarwadi'),
(665, 225, 'Pathanwasti'),
(666, 226, 'Islampur'),
(667, 227, 'Kanher'),
(668, 228, 'Goradwadi'),
(669, 228, 'Jalbhavi'),
(670, 228, 'Mandaki'),
(671, 229, 'Motewadi'),
(672, 230, 'Bhamb'),
(673, 230, 'Rede'),
(674, 231, 'Chandapuri'),
(675, 231, 'Tarangfal'),
(676, 232, 'Giravi'),
(677, 233, 'Karunde'),
(678, 233, 'Kothale'),
(679, 233, 'Pimpari'),
(680, 234, 'Fadtari'),
(681, 234, 'Lonand'),
(682, 234, 'Londhe Mohitewadi'),
(683, 234, 'Nitavewadi'),
(684, 234, 'Shiwarvasti'),
(685, 235, 'Mandave'),
(686, 236, 'Natepute'),
(687, 237, 'Palasmandal'),
(688, 238, 'Dahigaon'),
(689, 239, 'Dharmpuri'),
(690, 240, 'Dombalwadi'),
(691, 240, 'Hanumanwadi'),
(692, 240, 'Kurbavi'),
(693, 241, 'Ekshiv'),
(694, 241, 'Tambewadi'),
(695, 242, 'Gursale'),
(696, 243, 'Morochi'),
(697, 244, 'Deshmukhwadi'),
(698, 244, 'Shindewadi'),
(699, 245, 'Bacheri'),
(700, 245, 'Shingorni'),
(701, 246, 'Falwani'),
(702, 246, 'Salmukhwadi'),
(703, 247, 'Kolegaon'),
(704, 247, 'Kalamwadi'),
(705, 248, 'Piliv'),
(706, 248, 'Sulewadi'),
(707, 249, 'Tandulwadi'),
(708, 249, 'Shendechinch'),
(709, 250, 'Zanjevasti'),
(710, 250, 'Kusmod'),
(711, 251, 'Bhamburdi'),
(712, 251, 'Jadhavwadi'),
(713, 252, 'Kacharewadi'),
(714, 252, 'Malshiras'),
(715, 253, 'Tirwandi'),
(716, 253, 'Malshiras'),
(717, 254, 'Medad'),
(718, 254, 'Yeliv'),
(719, 255, 'Purandawade'),
(720, 256, 'Sadashivnagar'),
(721, 257, 'Chaundeshwarwadi'),
(722, 258, 'Girzani'),
(723, 259, 'Khudus'),
(724, 259, 'Zanjevasti'),
(725, 260, 'Dhulenagar'),
(726, 260, 'Paniv'),
(727, 261, 'Yashawantnagar'),
(728, 261, 'Shankarnagar'),
(729, 262, 'Yashawantnagar'),
(730, 263, 'Vizori'),
(731, 263, 'Vijaywadi'),
(732, 264, 'Bondale'),
(733, 264, 'Dasur'),
(734, 264, 'Khalawe'),
(735, 264, 'Tondale'),
(736, 265, 'Dhanore'),
(737, 266, 'Maloli'),
(738, 267, 'Nimgaon'),
(739, 268, 'Pisewadi'),
(740, 269, 'Ughadewadi'),
(741, 270, 'Velapur'),
(742, 271, 'Velapur'),
(743, 272, 'Andhalgaon'),
(744, 272, 'Ganeshwadi'),
(745, 272, 'Shelewadi'),
(746, 273, 'Dongargaon'),
(747, 273, 'Hajapur'),
(748, 273, 'Mangalvedha'),
(749, 274, 'Akole'),
(750, 274, 'Degaon'),
(751, 274, 'Gharniki'),
(752, 274, 'Mallewadi'),
(753, 274, 'Marapur'),
(754, 275, 'Khupsangi'),
(755, 275, 'Lendave Chichale'),
(756, 276, 'Gunjegaon'),
(757, 276, 'Laxami Dahiwadi'),
(758, 276, 'Mahamadabad (Shetfal)'),
(759, 277, 'Kacharewadi'),
(760, 277, 'Patkhal'),
(761, 277, 'Metkarwadi'),
(762, 278, 'Bhose'),
(763, 279, 'Gonewadi'),
(764, 279, 'Junoni'),
(765, 279, 'Shirashi'),
(766, 280, 'Hunnar'),
(767, 280, 'Lonar'),
(768, 280, 'Mahamadabad (Hunnar)'),
(769, 280, 'Manewadi'),
(770, 280, 'Padolkarwadi'),
(771, 280, 'Revewadi'),
(772, 281, 'Khadaki'),
(773, 281, 'Nandeshwar'),
(774, 281, 'Siddhankeri'),
(775, 282, 'Chikhalgi'),
(776, 282, 'Radde'),
(777, 282, 'Shirnadgi'),
(778, 283, 'Arali'),
(779, 283, 'Nandur'),
(780, 284, 'Borale'),
(781, 285, 'Bramhapuri'),
(782, 285, 'Machanur'),
(783, 286, 'Dharamgaon'),
(784, 286, 'Dhavalas'),
(785, 286, 'Mudhavi'),
(786, 287, 'Siddapur'),
(787, 287, 'Tandor'),
(788, 288, 'Mundhewadi'),
(789, 288, 'Rahatewadi'),
(790, 288, 'Tamdardi'),
(791, 289, 'Bathan'),
(792, 289, 'Uchethan'),
(793, 290, 'Bhalwani'),
(794, 290, 'Hivargaon'),
(795, 290, 'Jalihal'),
(796, 290, 'Talsangi'),
(797, 291, 'Bhalewadi'),
(798, 291, 'Donaj'),
(799, 291, 'Fatewadi'),
(800, 291, 'Khomnal'),
(801, 292, 'Diksal'),
(802, 292, 'Kagasht'),
(803, 292, 'Karjal'),
(804, 292, 'Katral'),
(805, 292, 'Lamantanda'),
(806, 293, 'Maravade'),
(807, 294, 'Jitti'),
(808, 294, 'Khave'),
(809, 294, 'Nimboni'),
(810, 294, 'Yedrav'),
(811, 295, 'Bavachi'),
(812, 295, 'Jangalgi'),
(813, 295, 'Pout'),
(814, 295, 'Salagar Bk.'),
(815, 295, 'Salagar Kh.'),
(816, 296, 'Huljanti'),
(817, 296, 'Malewadi'),
(818, 296, 'Shivangi'),
(819, 296, 'Soddi'),
(820, 296, 'Yelagi'),
(821, 297, 'Asabewadi'),
(822, 297, 'Lavangi'),
(823, 297, 'Maroli'),
(824, 298, 'Darfal (Bibi)'),
(825, 298, 'Sawantwadi'),
(826, 299, 'Darphal (Gawadi)'),
(827, 299, 'Kouthali'),
(828, 299, 'Wadala'),
(829, 299, 'Wangi'),
(830, 300, 'Bhagaiwadi'),
(831, 300, 'Kalman'),
(832, 300, 'Sakharewadi'),
(833, 300, 'Sharewadi'),
(834, 301, 'Mohitewadi'),
(835, 301, 'Nannaj'),
(836, 302, 'Padsali'),
(837, 302, 'Ranmasle'),
(838, 303, 'Akolekati'),
(839, 303, 'Karamba'),
(840, 304, 'Gulwanchi'),
(841, 304, 'Khed'),
(842, 305, 'Kondi'),
(843, 306, 'Pakani'),
(844, 306, 'Shivani'),
(845, 307, 'Banegaon'),
(846, 307, 'Bhogaon'),
(847, 307, 'Hipparge'),
(848, 308, 'Honsal'),
(849, 308, 'Raleras'),
(850, 308, 'Taratgaon'),
(851, 308, 'Ekrukh'),
(852, 308, 'Haglur'),
(853, 309, 'Mardi'),
(854, 309, 'Narotewadi'),
(855, 309, 'Sevalalnager'),
(856, 310, 'Belati'),
(857, 310, 'Kawathe'),
(858, 311, 'Bhatewadi'),
(859, 311, 'Dongaon'),
(860, 311, 'Nandur'),
(861, 311, 'Samshapur'),
(862, 311, 'Telgaon'),
(863, 312, 'Hiraj'),
(864, 313, 'Pathari'),
(865, 313, 'Tirhe'),
(866, 314, 'Bhalawani'),
(867, 314, 'Bhandi Shegaon'),
(868, 314, 'Keskarwadi'),
(869, 314, 'Shelve'),
(870, 314, 'Shendgewadi'),
(871, 315, 'Gardi'),
(872, 315, 'Jainwadi'),
(873, 315, 'Lonarwadi'),
(874, 316, 'Dhondewadi'),
(875, 316, 'Palshi'),
(876, 316, 'Supli'),
(877, 317, 'Pirachi Kuroli'),
(878, 317, 'Wadi Kuroli'),
(879, 318, 'Upari'),
(880, 318, 'Gadegaon'),
(881, 319, 'Kauthali'),
(882, 319, 'Khed Bhalawani'),
(883, 319, 'Shirthon'),
(884, 320, 'Korty'),
(885, 321, 'Sonke'),
(886, 321, 'Tisangi'),
(887, 322, 'Wakhari'),
(888, 323, 'Bardi'),
(889, 324, 'Karkamb'),
(890, 325, 'Kanhapuri'),
(891, 325, 'Karole'),
(892, 326, 'Nandore'),
(893, 326, 'Nematwadi'),
(894, 326, 'Pehe'),
(895, 327, 'Avhe'),
(896, 327, 'Patvardhan Kuroli'),
(897, 327, 'Taratgaon (Bhose)'),
(898, 327, 'Ujani'),
(899, 328, 'Jaloli'),
(900, 328, 'Sangavi'),
(901, 328, 'Badalkot'),
(902, 329, 'Umbare'),
(903, 330, 'Chale'),
(904, 331, 'Gopalpur'),
(905, 331, 'Anawali'),
(906, 332, 'Kasegaon'),
(907, 333, 'Kondharki'),
(908, 333, 'Mundhewadi'),
(909, 334, 'Siddhewadi'),
(910, 334, 'Taratgaon Kasegaon'),
(911, 334, 'Chinchumbe'),
(912, 334, 'Eklaspur'),
(913, 335, 'Tavashi'),
(914, 336, 'Umbargaon'),
(915, 336, 'Khardi'),
(916, 337, 'Takli'),
(917, 337, 'Bohali'),
(918, 338, 'Shetphal'),
(919, 338, 'Tanali'),
(920, 339, 'Nepatgaon'),
(921, 339, 'Ozewadi'),
(922, 340, 'Fulchincholi'),
(923, 340, 'Pohargaon'),
(924, 340, 'Vite'),
(925, 341, 'Sharadanagar'),
(926, 341, 'Ambechincholi'),
(927, 341, 'Nali'),
(928, 341, 'Puluj'),
(929, 341, 'Pulujwadi'),
(930, 341, 'Shankargaon'),
(931, 342, 'Ranzani'),
(932, 342, 'Shirgaon'),
(933, 343, 'Ambe'),
(934, 343, 'Sarkoli'),
(935, 344, 'Ajote'),
(936, 344, 'Chilaiwadi'),
(937, 344, 'Hole'),
(938, 345, 'Adhiv'),
(939, 345, 'Babhulgaon'),
(940, 345, 'Ropale'),
(941, 346, 'Bhose'),
(942, 346, 'Sugavabhose'),
(943, 347, 'Gurasale'),
(944, 347, 'Takaligursala'),
(945, 347, 'Venunagar'),
(946, 348, 'Jadhavwadi'),
(947, 348, 'Kharatwadi'),
(948, 348, 'Mendhapur'),
(949, 348, 'Pandharewadi'),
(950, 349, 'Devade'),
(951, 349, 'Khed Bhose'),
(952, 349, 'Shevate'),
(953, 349, 'Sugavakhurd'),
(954, 350, 'Ajansond'),
(955, 350, 'Degaon'),
(956, 351, 'Bhatumbare'),
(957, 351, 'Chincholi Bhose'),
(958, 351, 'Shegaon Dumala'),
(959, 352, 'Ishwar Wathar'),
(960, 352, 'Narayan Chincholi'),
(961, 353, 'Bitargaon'),
(962, 353, 'Suste'),
(963, 354, 'Kharsoli'),
(964, 354, 'Tarapur'),
(965, 355, 'Magarwadi'),
(966, 355, 'Tungat'),
(967, 356, 'Akola'),
(968, 357, 'Bamani'),
(969, 357, 'Save'),
(970, 357, 'Chincholi'),
(971, 358, 'Bagalwadi'),
(972, 358, 'Sonalwadi'),
(973, 358, 'Ekhatapur'),
(974, 359, 'Godasewadi'),
(975, 359, 'Kamalapur'),
(976, 359, 'Kedarwadi'),
(977, 359, 'Vasud'),
(978, 360, 'Hanmantgaon'),
(979, 360, 'Manegaon'),
(980, 360, 'Nijampur'),
(981, 361, 'Devale'),
(982, 361, 'Devkatewadi'),
(983, 361, 'Manjari'),
(984, 361, 'Methvade'),
(985, 361, 'Sangewadi'),
(986, 362, 'Dhayati'),
(987, 362, 'Metakarwadi'),
(988, 362, 'Shirbavi'),
(989, 363, 'Rajapur'),
(990, 363, 'Wadegaon'),
(991, 364, 'Alegaon'),
(992, 365, 'Pare'),
(993, 365, 'Diksal'),
(994, 365, 'Habisewadi'),
(995, 365, 'Narale'),
(996, 366, 'Gheradi'),
(997, 367, 'Gavadewadi'),
(998, 367, 'Hangirage'),
(999, 368, 'Waki Gherdi'),
(1000, 368, 'Wani Chinchol'),
(1001, 369, 'Aglavewadi'),
(1002, 369, 'Bhopasewadi'),
(1003, 369, 'Burange Wadi'),
(1004, 369, 'Dongargaon'),
(1005, 369, 'Javala'),
(1006, 369, 'Lonavire'),
(1007, 369, 'Tarangewadi'),
(1008, 370, 'Kadlas'),
(1009, 371, 'Buralewadi'),
(1010, 371, 'Medashingi'),
(1011, 372, 'Sonand'),
(1012, 372, 'Gavadewadi'),
(1013, 373, 'Karandewadi'),
(1014, 373, 'Sonewadi'),
(1015, 373, 'Buddhehal'),
(1016, 374, 'Goudwadi'),
(1017, 375, 'Hatid'),
(1018, 375, 'Misalwadi'),
(1019, 375, 'Nalvadewadi'),
(1020, 375, 'Pachegaon Kh.'),
(1021, 376, 'Gunappawadi'),
(1022, 376, 'Hatkar Mangewadi'),
(1023, 376, 'Jujarpur'),
(1024, 377, 'Junoni'),
(1025, 377, 'Kalubaluwadi'),
(1026, 377, 'Tippehali'),
(1027, 378, 'Kidabisari'),
(1028, 378, 'Kombadwadi'),
(1029, 379, 'Kola'),
(1030, 379, 'Pachegaon Bk.'),
(1031, 379, 'Karandewadi'),
(1032, 380, 'Achakadani'),
(1033, 380, 'Laxminagar (D.Wadi)'),
(1034, 381, 'Chikmahud'),
(1035, 381, 'Jadhavwadi'),
(1036, 381, 'Bandgarwadi'),
(1037, 382, 'Itaki'),
(1038, 382, 'Katfal'),
(1039, 383, 'Juni Lotewadi'),
(1040, 383, 'Khavaspur'),
(1041, 383, 'Lotewadi'),
(1042, 383, 'Satarkarvasti'),
(1043, 384, 'Karandewadi'),
(1044, 384, 'Mahim'),
(1045, 385, 'Dhalewadi'),
(1046, 385, 'Mahud Bk.'),
(1047, 386, 'Gaygavhan'),
(1048, 386, 'Khilarwadi'),
(1049, 386, 'Naralewadi'),
(1050, 386, 'Shivane'),
(1051, 387, 'Waki Shivane'),
(1052, 387, 'Haldahivadi'),
(1053, 388, 'Ajanale'),
(1054, 388, 'Ligadewadi'),
(1055, 389, 'Bandgarwadi'),
(1056, 389, 'Balvadi'),
(1057, 389, 'Chopadi'),
(1058, 390, 'Chinake'),
(1059, 390, 'Nazare *'),
(1060, 390, 'Saragarwadi'),
(1061, 390, 'Vazare'),
(1062, 391, 'Ankadhal'),
(1063, 391, 'Rajuri'),
(1064, 392, 'Udanwadi'),
(1065, 392, 'Zapachiwadi'),
(1066, 392, 'Karandewadi'),
(1067, 393, 'Watambare'),
(1068, 394, 'Yelmar Mangewadi'),
(1069, 395, 'Rajur'),
(1070, 395, 'Sanjwad'),
(1071, 395, 'Aurad'),
(1072, 395, 'Bolkavathe'),
(1073, 396, 'Barur'),
(1074, 396, 'Hattarsang'),
(1075, 396, 'Kudal'),
(1076, 397, 'Hatur'),
(1077, 397, 'Chandrahal'),
(1078, 398, 'Nandani'),
(1079, 398, 'Kurghot'),
(1080, 398, 'Takali'),
(1081, 398, 'Chinchpur'),
(1082, 399, 'Vadakbal'),
(1083, 399, 'Honmurgi'),
(1084, 399, 'Birnal'),
(1085, 399, 'Wangi'),
(1086, 400, 'Bhandar Kavade'),
(1087, 401, 'Kusur'),
(1088, 401, 'Khanapur'),
(1089, 401, 'Telgaon Mandrup'),
(1090, 402, 'Nimbargi'),
(1091, 402, 'Lavangi'),
(1092, 402, 'Sadepur'),
(1093, 402, 'Balgi'),
(1094, 403, 'Vinchur'),
(1095, 403, 'Shankar Nagar'),
(1096, 404, 'Boramani'),
(1097, 405, 'Mulegaon'),
(1098, 405, 'Doddi'),
(1099, 405, 'Darganhalli'),
(1100, 406, 'Gangewadi'),
(1101, 406, 'Kasegaon'),
(1102, 407, 'Wadji'),
(1103, 407, 'Waralegaon'),
(1104, 407, 'Mulegaon Tanda'),
(1105, 407, '(Baxi)Hipparge'),
(1106, 408, 'Musti'),
(1107, 409, 'Pinjarwadi'),
(1108, 409, 'Tandulwadi'),
(1109, 409, 'Sangdari'),
(1110, 410, 'Ule'),
(1111, 410, 'Ulewadi'),
(1112, 411, 'Aherwadi'),
(1113, 411, 'Bankalgi'),
(1114, 412, 'Yetnal'),
(1115, 412, 'Hotgi'),
(1116, 413, 'Phatatewadi'),
(1117, 413, 'Savatkhed'),
(1118, 413, 'Hotgi Station'),
(1119, 413, 'Hipale'),
(1120, 414, 'Auj Aherwadi'),
(1121, 414, 'Alegaon'),
(1122, 414, 'Ingalgi'),
(1123, 414, 'Shirval'),
(1124, 415, 'Tillehal'),
(1125, 415, 'Borul'),
(1126, 415, 'Kanbas'),
(1127, 416, 'Ghodatanda'),
(1128, 416, 'Madre'),
(1129, 416, 'Sindkhed'),
(1130, 417, 'Antroli'),
(1131, 417, 'Vadapur'),
(1132, 418, 'Gunjegaon'),
(1133, 418, 'Akole Mandrup'),
(1134, 418, 'Kandalgaon'),
(1135, 419, 'Malkavathe'),
(1136, 419, 'Karkal'),
(1137, 419, 'Auj Mandrup'),
(1138, 420, 'Mandrup'),
(1139, 420, 'Indiranagar'),
(1140, 420, 'Basav Nagar'),
(1141, 420, 'Mangoli'),
(1142, 420, 'Gavadewadi'),
(1143, 420, 'Yelegaon'),
(1144, 421, 'Hanamgaon'),
(1145, 421, 'Shingadgaon'),
(1146, 421, 'Achegaon'),
(1147, 422, 'Shirpanhalli'),
(1148, 422, 'Dhotri'),
(1149, 423, 'Wadgaon'),
(1150, 423, 'Dindur'),
(1151, 423, 'Tirth'),
(1152, 424, 'Kumbhari'),
(1153, 425, 'Kumbhari'),
(1154, 426, 'Kandehalli'),
(1155, 426, 'Togarali'),
(1156, 426, 'Gurdehalli'),
(1157, 426, 'Rampur'),
(1158, 426, 'Chinoholi'),
(1159, 427, 'Valsang'),
(1160, 0, '');

--
-- Indexes for dumped tables
--

--
-- Indexes for table `block`
--
ALTER TABLE `block`
  ADD PRIMARY KEY (`b_id`);

--
-- Indexes for table `blockurban`
--
ALTER TABLE `blockurban`
  ADD PRIMARY KEY (`bu_id`);

--
-- Indexes for table `district`
--
ALTER TABLE `district`
  ADD PRIMARY KEY (`district_id`);

--
-- Indexes for table `mnpa`
--
ALTER TABLE `mnpa`
  ADD PRIMARY KEY (`mu_id`);

--
-- Indexes for table `nearbypat`
--
ALTER TABLE `nearbypat`
  ADD PRIMARY KEY (`near_id`);

--
-- Indexes for table `patient`
--
ALTER TABLE `patient`
  ADD PRIMARY KEY (`pat_id`);

--
-- Indexes for table `phc`
--
ALTER TABLE `phc`
  ADD PRIMARY KEY (`phc_id`);

--
-- Indexes for table `subcenter`
--
ALTER TABLE `subcenter`
  ADD PRIMARY KEY (`sub_id`);

--
-- Indexes for table `travehfamily`
--
ALTER TABLE `travehfamily`
  ADD PRIMARY KEY (`tf_id`);

--
-- Indexes for table `travelhistory`
--
ALTER TABLE `travelhistory`
  ADD PRIMARY KEY (`tv_id`);

--
-- Indexes for table `village`
--
ALTER TABLE `village`
  ADD PRIMARY KEY (`v_id`);

--
-- AUTO_INCREMENT for dumped tables
--

--
-- AUTO_INCREMENT for table `block`
--
ALTER TABLE `block`
  MODIFY `b_id` int(11) NOT NULL AUTO_INCREMENT, AUTO_INCREMENT=12;

--
-- AUTO_INCREMENT for table `blockurban`
--
ALTER TABLE `blockurban`
  MODIFY `bu_id` int(11) NOT NULL AUTO_INCREMENT, AUTO_INCREMENT=10;

--
-- AUTO_INCREMENT for table `district`
--
ALTER TABLE `district`
  MODIFY `district_id` int(5) NOT NULL AUTO_INCREMENT, AUTO_INCREMENT=2;

--
-- AUTO_INCREMENT for table `mnpa`
--
ALTER TABLE `mnpa`
  MODIFY `mu_id` int(11) NOT NULL AUTO_INCREMENT, AUTO_INCREMENT=13;

--
-- AUTO_INCREMENT for table `nearbypat`
--
ALTER TABLE `nearbypat`
  MODIFY `near_id` double NOT NULL AUTO_INCREMENT, AUTO_INCREMENT=4;

--
-- AUTO_INCREMENT for table `patient`
--
ALTER TABLE `patient`
  MODIFY `pat_id` int(11) NOT NULL AUTO_INCREMENT, AUTO_INCREMENT=5;

--
-- AUTO_INCREMENT for table `phc`
--
ALTER TABLE `phc`
  MODIFY `phc_id` double NOT NULL AUTO_INCREMENT, AUTO_INCREMENT=78;

--
-- AUTO_INCREMENT for table `subcenter`
--
ALTER TABLE `subcenter`
  MODIFY `sub_id` double NOT NULL AUTO_INCREMENT, AUTO_INCREMENT=428;

--
-- AUTO_INCREMENT for table `travehfamily`
--
ALTER TABLE `travehfamily`
  MODIFY `tf_id` double NOT NULL AUTO_INCREMENT, AUTO_INCREMENT=4;

--
-- AUTO_INCREMENT for table `travelhistory`
--
ALTER TABLE `travelhistory`
  MODIFY `tv_id` double NOT NULL AUTO_INCREMENT, AUTO_INCREMENT=8;

--
-- AUTO_INCREMENT for table `village`
--
ALTER TABLE `village`
  MODIFY `v_id` int(10) NOT NULL AUTO_INCREMENT, AUTO_INCREMENT=1161;
COMMIT;

/*!40101 SET CHARACTER_SET_CLIENT=@OLD_CHARACTER_SET_CLIENT */;
/*!40101 SET CHARACTER_SET_RESULTS=@OLD_CHARACTER_SET_RESULTS */;
/*!40101 SET COLLATION_CONNECTION=@OLD_COLLATION_CONNECTION */;
